0,1,2,3,4,5,6,7,8,9,10,11,12,13,14,15,16,17,18,19,MONEDA,categoria,FECHA
BBVA,Bancom,Crédito,Pichincha,BIF,Scotiabank,Citibank,Interbank,Mibanco,GNB,Falabella,Santander,Ripley,Alfin,ICBC,Bank of China,BCI,Compartamos,Santander Cons. Bank,Promedio,SOLES,CATEGORIA,31/10/2025
5.12,5.01,5.39,6.65,6.45,5.58,6.21,6.38,-,6.03,-,8.79,-,11.39,5.09,5.30,5.53,-,-,5.68,SOLES,Corporativos,31/10/2025
5.89,-,6.27,5.10,5.04,6.68,-,6.55,-,-,-,7.73,-,-,7.30,-,-,-,-,6.14,SOLES,Descuentos,31/10/2025
4.86,-,5.38,7.30,8.05,4.88,-,5.49,-,5.01,-,6.60,-,-,-,-,4.70,-,-,5.24,SOLES,Préstamos hasta 30 días,31/10/2025
5.81,5.01,5.27,6.69,7.02,6.51,-,6.33,-,6.38,-,6.62,-,9.82,6.97,-,6.90,-,-,5.91,SOLES,Préstamos de 31 a 90 días,31/10/2025
5.79,5.00,6.12,5.33,6.88,5.67,-,6.15,-,5.92,-,9.45,-,12.42,4.46,6.80,7.30,-,-,6.46,SOLES,Préstamos de 91 a 180 días,31/10/2025
4.94,-,5.06,6.70,7.63,4.80,6.21,7.99,-,6.07,-,-,-,-,-,4.55,4.71,-,-,5.00,SOLES,Préstamos de 181 a 360 días,31/10/2025
5.21,-,5.26,7.30,7.07,6.19,-,6.58,-,-,-,10.35,-,-,-,-,-,-,-,6.24,SOLES,Préstamos a más de 360 días,31/10/2025
7.68,8.26,7.83,7.01,7.71,7.40,-,7.51,-,7.18,-,8.09,-,10.56,-,-,8.35,-,-,7.71,SOLES,Grandes Empresas,31/10/2025
8.01,-,8.17,7.28,7.47,7.43,-,7.68,-,7.34,-,8.82,-,-,-,-,-,-,-,7.90,SOLES,Descuentos,31/10/2025
7.16,-,9.14,6.40,7.62,7.73,-,7.38,-,5.95,-,9.05,-,-,-,-,-,-,-,8.12,SOLES,Préstamos hasta 30 días,31/10/2025
7.62,-,7.82,7.31,7.93,7.48,-,7.31,-,8.02,-,9.90,-,12.00,-,-,8.35,-,-,7.74,SOLES,Préstamos de 31 a 90 días,31/10/2025
7.68,-,7.55,5.99,9.01,7.48,-,6.99,-,6.44,-,6.54,-,10.82,-,-,-,-,-,7.58,SOLES,Préstamos de 91 a 180 días,31/10/2025
6.87,7.95,6.96,8.77,12.43,8.41,-,6.46,-,8.10,-,10.35,-,10.00,-,-,-,-,-,7.26,SOLES,Préstamos de 181 a 360 días,31/10/2025
7.67,8.50,7.17,6.57,6.84,6.39,-,7.40,-,-,-,8.25,-,10.00,-,-,-,-,-,7.35,SOLES,Préstamos a más de 360 días,31/10/2025
11.56,11.90,10.38,7.75,13.14,9.57,-,9.74,-,-,-,7.02,-,12.40,-,-,-,-,-,10.59,SOLES,Medianas Empresas,31/10/2025
9.67,11.37,10.54,-,15.27,10.00,-,9.65,-,-,-,10.46,-,-,-,-,-,-,-,10.43,SOLES,Descuentos,31/10/2025
11.77,-,11.27,9.12,12.10,9.77,-,8.53,-,-,-,-,-,-,-,-,-,-,-,11.04,SOLES,Préstamos hasta 30 días,31/10/2025
13.32,9.25,9.72,7.81,12.13,9.81,-,8.71,-,-,-,7.00,-,13.00,-,-,-,-,-,10.06,SOLES,Préstamos de 31 a 90 días,31/10/2025
11.73,14.00,10.48,6.90,11.73,9.45,-,8.80,-,-,-,-,-,12.53,-,-,-,-,-,10.60,SOLES,Préstamos de 91 a 180 días,31/10/2025
12.05,12.00,10.16,7.70,11.15,9.96,-,8.48,-,-,-,-,-,11.90,-,-,-,-,-,10.94,SOLES,Préstamos de 181 a 360 días,31/10/2025
11.30,-,10.88,-,10.21,9.09,-,12.45,-,-,-,-,-,11.50,-,-,-,-,-,11.09,SOLES,Préstamos a más de 360 días,31/10/2025
15.53,17.61,20.55,-,18.43,12.63,-,15.47,25.27,10.29,27.01,-,-,12.32,-,-,-,29.85,-,19.83,SOLES,Pequeñas Empresas,31/10/2025
9.43,-,14.15,-,19.38,9.96,-,11.24,-,9.00,-,-,-,-,-,-,-,-,-,13.40,SOLES,Descuentos,31/10/2025
18.67,-,9.69,-,12.00,10.51,-,-,34.06,-,-,-,-,-,-,-,-,-,-,12.81,SOLES,Préstamos hasta 30 días,31/10/2025
17.18,12.74,10.71,-,14.37,9.37,-,10.69,46.14,-,-,-,-,12.00,-,-,-,-,-,14.77,SOLES,Préstamos de 31 a 90 días,31/10/2025
15.12,7.76,10.47,-,11.62,8.56,-,10.65,35.36,10.50,-,-,-,12.36,-,-,-,48.99,-,15.03,SOLES,Préstamos de 91 a 180 días,31/10/2025
16.45,16.25,10.16,-,11.00,8.93,-,17.00,30.44,-,-,-,-,-,-,-,-,37.97,-,25.61,SOLES,Préstamos de 181 a 360 días,31/10/2025
15.48,18.40,22.39,-,11.40,13.89,-,16.82,23.62,-,27.01,-,-,-,-,-,-,29.39,-,20.28,SOLES,Préstamos a más de 360 días,31/10/2025
19.52,27.00,45.68,28.86,23.85,22.50,-,18.74,57.83,-,29.51,-,-,-,-,-,-,80.68,38.00,71.29,SOLES,Microempresas,31/10/2025
34.17,-,53.73,28.86,-,-,-,-,-,-,-,-,-,-,-,-,-,-,-,38.91,SOLES,Tarjetas de Crédito,31/10/2025
7.29,-,24.86,-,23.85,-,-,14.34,-,-,-,-,-,-,-,-,-,-,-,14.80,SOLES,Descuentos,31/10/2025
17.27,-,-,-,-,-,-,-,55.87,-,-,-,-,-,-,-,-,39.33,-,54.91,SOLES,Préstamos Revolventes,31/10/2025
17.63,-,-,-,-,-,-,-,78.03,-,-,-,-,-,-,-,-,94.71,-,18.83,SOLES,Préstamos a cuota fija hasta 30 días,31/10/2025
24.07,-,-,-,-,-,-,-,78.05,-,-,-,-,-,-,-,-,112.39,-,82.13,SOLES,Préstamos a cuota fija de 31 a 90 días,31/10/2025
17.58,-,25.41,-,-,-,-,-,72.03,-,-,-,-,-,-,-,-,111.36,-,109.93,SOLES,Préstamos a cuota fija de 91 a 180 días,31/10/2025
18.19,-,-,-,-,-,-,-,64.09,-,-,-,-,-,-,-,-,55.01,-,60.09,SOLES,Préstamos a cuota fija de 181 a 360 días,31/10/2025
18.68,27.00,46.45,-,-,22.50,-,19.88,54.19,-,29.51,-,-,-,-,-,-,35.80,38.00,37.23,SOLES,Préstamos a cuota fija a más de 360 días,31/10/2025
50.01,15.04,59.67,40.19,25.97,47.60,-,56.24,53.31,22.23,82.55,-,80.03,54.70,-,-,-,36.39,45.96,56.71,SOLES,Consumo,31/10/2025
73.28,32.48,69.89,50.01,60.55,59.46,-,66.48,-,29.73,91.75,-,99.81,-,-,-,-,-,70.42,72.39,SOLES,Tarjetas de Crédito,31/10/2025
11.76,-,-,-,-,-,-,-,61.58,-,-,-,-,-,-,-,-,85.88,-,12.88,SOLES,Préstamos Revolventes,31/10/2025
12.29,-,12.11,-,12.05,10.79,-,-,-,-,-,-,-,-,-,-,-,-,-,12.19,SOLES,Préstamos no Revolventes para automóviles,31/10/2025
25.99,35.84,90.56,17.41,9.99,25.44,-,22.68,59.61,21.33,30.52,-,55.84,60.27,-,-,-,51.26,-,78.62,SOLES,Préstamos no Revolventes para libre disponibilidad hasta 360 días,31/10/2025
19.89,14.86,17.05,14.41,16.85,17.56,-,16.20,43.45,14.72,24.99,-,31.00,54.56,-,-,-,34.89,42.37,22.06,SOLES,Préstamos no Revolventes para libre disponibilidad a más de 360 días,31/10/2025
-,51.68,-,-,-,-,-,-,-,-,-,-,-,-,-,-,-,-,-,51.68,SOLES,Créditos pignoraticios,31/10/2025
7.72,9.73,7.98,8.89,8.32,7.62,-,7.71,16.02,7.19,-,-,-,-,-,-,-,-,11.00,7.92,SOLES,Hipotecarios,31/10/2025
7.72,9.73,7.98,8.89,8.32,7.62,-,7.71,16.02,7.19,-,-,-,-,-,-,-,-,11.00,7.92,SOLES,Préstamos hipotecarios para vivienda,31/10/2025
BBVA,Bancom,Crédito,Pichincha,BIF,Scotiabank,Citibank,Interbank,Mibanco,GNB,Falabella,Santander,Ripley,Alfin,ICBC,Bank of China,BCI,Compartamos,Santander Cons. Bank,Promedio,USD,CATEGORIA,31/10/2025
5.10,-,5.34,6.61,5.18,6.19,s.i.,5.08,-,4.79,-,6.67,-,-,6.44,4.20,5.45,-,-,5.43,USD,Corporativos,31/10/2025
4.91,-,5.62,5.74,4.31,5.29,s.i.,4.88,-,8.00,-,8.03,-,-,-,-,-,-,-,5.19,USD,Descuentos,31/10/2025
4.21,-,5.65,5.24,5.54,4.70,s.i.,4.28,-,4.45,-,6.85,-,-,7.53,-,4.71,-,-,5.55,USD,Préstamos hasta 30 días,31/10/2025
4.99,-,4.58,-,6.46,4.75,s.i.,5.66,-,4.98,-,6.29,-,-,7.27,-,4.97,-,-,5.05,USD,Préstamos de 31 a 90 días,31/10/2025
4.96,-,5.04,7.88,7.30,6.40,s.i.,4.19,-,4.56,-,6.70,-,-,5.40,4.20,4.76,-,-,5.06,USD,Préstamos de 91 a 180 días,31/10/2025
5.20,-,4.43,-,4.75,5.37,s.i.,6.48,-,5.10,-,8.91,-,-,5.49,-,-,-,-,5.18,USD,Préstamos de 181 a 360 días,31/10/2025
5.37,-,8.84,-,-,7.06,s.i.,5.95,-,-,-,-,-,-,-,-,7.38,-,-,6.80,USD,Préstamos a más de 360 días,31/10/2025
6.76,6.74,6.55,18.42,8.02,5.87,s.i.,6.65,-,8.62,-,6.68,-,-,5.43,-,6.00,-,-,6.86,USD,Grandes Empresas,31/10/2025
7.04,7.90,6.93,5.56,8.25,6.17,s.i.,6.70,-,7.29,-,8.03,-,-,-,-,-,-,-,6.85,USD,Descuentos,31/10/2025
6.56,8.44,5.88,8.05,9.02,7.49,s.i.,7.47,-,11.50,-,6.15,-,-,-,-,6.10,-,-,6.07,USD,Préstamos hasta 30 días,31/10/2025
6.80,5.60,7.58,37.63,7.75,5.34,s.i.,6.31,-,9.56,-,6.41,-,-,-,-,5.64,-,-,8.33,USD,Préstamos de 31 a 90 días,31/10/2025
6.93,7.80,6.48,6.83,7.79,5.46,s.i.,6.68,-,5.15,-,7.84,-,-,-,-,-,-,-,6.57,USD,Préstamos de 91 a 180 días,31/10/2025
5.58,-,6.26,6.10,6.97,7.90,s.i.,6.28,-,5.85,-,8.50,-,-,-,-,-,-,-,6.18,USD,Préstamos de 181 a 360 días,31/10/2025
6.17,-,6.58,6.08,14.00,6.53,s.i.,6.61,-,-,-,8.12,-,-,5.43,-,-,-,-,6.73,USD,Préstamos a más de 360 días,31/10/2025
8.38,10.23,8.81,4.84,8.83,8.28,s.i.,8.94,-,6.79,-,7.48,-,-,-,-,-,-,-,8.57,USD,Medianas Empresas,31/10/2025
8.50,9.15,9.71,-,8.62,8.50,s.i.,8.66,-,-,-,10.19,-,-,-,-,-,-,-,9.20,USD,Descuentos,31/10/2025
8.02,-,7.53,-,7.60,8.63,s.i.,11.24,-,-,-,6.29,-,-,-,-,-,-,-,7.49,USD,Préstamos hasta 30 días,31/10/2025
9.99,9.07,9.37,4.43,10.52,9.61,s.i.,8.50,-,-,-,6.91,-,-,-,-,-,-,-,8.62,USD,Préstamos de 31 a 90 días,31/10/2025
9.80,14.33,8.69,8.57,10.20,8.43,s.i.,9.46,-,5.85,-,10.06,-,-,-,-,-,-,-,9.00,USD,Préstamos de 91 a 180 días,31/10/2025
8.47,-,7.60,-,12.01,7.86,s.i.,11.36,-,7.80,-,8.44,-,-,-,-,-,-,-,7.88,USD,Préstamos de 181 a 360 días,31/10/2025
6.98,-,7.85,6.95,8.64,7.13,s.i.,9.57,-,-,-,-,-,-,-,-,-,-,-,7.54,USD,Préstamos a más de 360 días,31/10/2025
10.07,-,11.06,-,10.55,5.62,s.i.,9.00,15.12,8.76,-,-,-,-,-,-,-,-,-,8.39,USD,Pequeñas Empresas,31/10/2025
9.12,-,13.47,-,17.19,9.88,s.i.,11.08,-,-,-,-,-,-,-,-,-,-,-,12.72,USD,Descuentos,31/10/2025
10.92,-,9.10,-,-,10.13,s.i.,-,-,-,-,-,-,-,-,-,-,-,-,10.02,USD,Préstamos hasta 30 días,31/10/2025
14.89,-,9.48,-,13.34,7.96,s.i.,11.68,-,-,-,-,-,-,-,-,-,-,-,9.76,USD,Préstamos de 31 a 90 días,31/10/2025
9.80,-,8.42,-,11.84,6.34,s.i.,10.48,-,8.76,-,-,-,-,-,-,-,-,-,7.45,USD,Préstamos de 91 a 180 días,31/10/2025
13.08,-,9.01,-,-,5.28,s.i.,11.37,15.12,-,-,-,-,-,-,-,-,-,-,7.52,USD,Préstamos de 181 a 360 días,31/10/2025
9.73,-,8.22,-,7.55,4.66,s.i.,7.41,-,-,-,-,-,-,-,-,-,-,-,5.83,USD,Préstamos a más de 360 días,31/10/2025
24.55,-,23.52,19.40,25.00,-,s.i.,7.72,-,-,-,-,-,-,-,-,-,-,-,16.59,USD,Microempresas,31/10/2025
33.44,-,23.32,19.40,-,-,s.i.,-,-,-,-,-,-,-,-,-,-,-,-,25.03,USD,Tarjetas de Crédito,31/10/2025
8.93,-,24.45,-,25.00,-,s.i.,15.57,-,-,-,-,-,-,-,-,-,-,-,20.24,USD,Descuentos,31/10/2025
-,-,-,-,-,-,s.i.,-,-,-,-,-,-,-,-,-,-,-,-,-,USD,Préstamos Revolventes,31/10/2025
-,-,-,-,-,-,s.i.,-,-,-,-,-,-,-,-,-,-,-,-,-,USD,Préstamos a cuota fija hasta 30 días,31/10/2025
-,-,-,-,-,-,s.i.,-,-,-,-,-,-,-,-,-,-,-,-,-,USD,Préstamos a cuota fija de 31 a 90 días,31/10/2025
20.11,-,-,-,-,-,s.i.,-,-,-,-,-,-,-,-,-,-,-,-,20.11,USD,Préstamos a cuota fija de 91 a 180 días,31/10/2025
-,-,-,-,-,-,s.i.,-,-,-,-,-,-,-,-,-,-,-,-,-,USD,Préstamos a cuota fija de 181 a 360 días,31/10/2025
-,-,-,-,-,-,s.i.,7.40,-,-,-,-,-,-,-,-,-,-,-,7.40,USD,Préstamos a cuota fija a más de 360 días,31/10/2025
51.06,32.70,49.16,47.62,48.41,47.48,s.i.,59.84,-,47.44,-,-,-,-,-,-,-,-,-,50.44,USD,Consumo,31/10/2025
60.78,32.70,56.64,47.65,53.40,49.18,s.i.,60.54,-,47.44,-,-,-,-,-,-,-,-,-,56.71,USD,Tarjetas de Crédito,31/10/2025
14.19,-,-,-,-,-,s.i.,-,-,-,-,-,-,-,-,-,-,-,-,14.19,USD,Préstamos Revolventes,31/10/2025
9.64,-,10.09,-,8.10,-,s.i.,-,-,-,-,-,-,-,-,-,-,-,-,9.97,USD,Préstamos no Revolventes para automóviles,31/10/2025
5.01,-,5.71,12.10,6.93,-,s.i.,11.49,-,-,-,-,-,-,-,-,-,-,-,5.43,USD,Préstamos no Revolventes para libre disponibilidad hasta 360 días,31/10/2025
8.76,-,5.81,-,5.25,6.00,s.i.,7.85,-,-,-,-,-,-,-,-,-,-,-,6.47,USD,Préstamos no Revolventes para libre disponibilidad a más de 360 días,31/10/2025
-,-,-,-,-,-,s.i.,-,-,-,-,-,-,-,-,-,-,-,-,-,USD,Créditos pignoraticios,31/10/2025
6.51,-,7.14,10.00,9.22,6.51,s.i.,7.44,-,-,-,-,-,-,-,-,-,-,-,6.85,USD,Hipotecarios,31/10/2025
6.51,-,7.14,10.00,9.22,6.51,s.i.,7.44,-,-,-,-,-,-,-,-,-,-,-,6.85,USD,Préstamos hipotecarios para vivienda,31/10/2025
